filename,width,height,class,xmin,ymin,xmax,ymax
1.jpg,1280,960,G1,684,251,889,494
10.jpg,1280,960,G1,706,268,880,481
100.jpg,1280,960,G1,650,366,793,509
101.jpg,1280,960,G1,402,425,584,564
102.jpg,1280,960,G1,606,368,767,507
103.jpg,1280,960,G1,760,344,917,473
104.jpg,1280,960,G1,408,344,582,483
105.jpg,1280,960,G1,758,362,910,499
106.jpg,1280,960,G1,552,483,728,620
107.jpg,1280,960,G1,421,286,608,420
108.jpg,1280,960,G1,617,438,789,597
109.jpg,1280,960,G1,704,301,884,451
11.jpg,1280,960,G1,608,529,802,677
110.jpg,1280,960,G1,573,407,741,564
111.jpg,1280,960,G1,584,392,760,549
112.jpg,1280,960,G1,617,399,773,551
113.jpg,1280,960,G1,691,392,843,549
114.jpg,1280,960,G1,558,383,723,562
115.jpg,1280,960,G1,610,381,767,553
116.jpg,1280,960,G1,458,416,643,566
117.jpg,1280,960,G1,608,394,786,547
118.jpg,1280,960,G1,654,397,826,564
119.jpg,1280,960,G1,495,407,673,564
12.jpg,1280,960,G1,650,401,854,570
120.jpg,1280,960,G1,608,383,765,531
121.jpg,1280,960,G1,689,520,852,679
122.jpg,1280,960,G1,647,503,784,688
123.jpg,1280,960,G1,667,536,810,718
124.jpg,1280,960,G1,606,523,758,707
125.jpg,1280,960,G1,667,501,797,714
126.jpg,1280,960,G1,626,527,800,723
127.jpg,1280,960,G1,682,507,832,701
128.jpg,1280,960,G1,619,531,797,712
129.jpg,1280,960,G1,663,505,810,694
13.jpg,1280,960,G1,432,368,643,535
130.jpg,1280,960,G1,617,514,789,716
131.jpg,1280,960,G1,797,342,967,540
132.jpg,1280,960,G1,565,236,741,425
133.jpg,1280,960,G1,704,390,878,566
134.jpg,1280,960,G1,558,207,745,377
135.jpg,1280,960,G1,380,329,584,488
136.jpg,1280,960,G1,563,347,758,514
137.jpg,1280,960,G1,554,190,730,375
138.jpg,1280,960,G1,423,268,623,427
139.jpg,1280,960,G1,456,436,636,610
14.jpg,1280,960,G1,810,344,1013,520
140.jpg,1280,960,G1,652,205,817,403
141.jpg,1280,960,G2,569,307,734,557
142.jpg,1280,960,G2,594,329,748,568
143.jpg,1280,960,G2,534,340,686,584
144.jpg,1280,960,G2,592,354,734,581
145.jpg,1280,960,G2,668,354,799,582
146.jpg,1280,960,G2,714,341,849,592
147.jpg,1280,960,G2,599,301,761,558
148.jpg,1280,960,G2,628,375,776,579
149.jpg,1280,960,G2,601,346,755,582
15.jpg,1280,960,G1,782,201,967,377
150.jpg,1280,960,G2,547,389,713,586
151.jpg,1280,960,G2,618,391,764,600
152.jpg,1280,960,G2,570,353,720,605
153.jpg,1280,960,G2,501,305,636,558
154.jpg,1280,960,G2,587,328,724,569
155.jpg,1280,960,G2,602,340,734,576
156.jpg,1280,960,G2,680,366,808,598
157.jpg,1280,960,G2,686,410,801,631
158.jpg,1280,960,G2,750,410,876,632
159.jpg,1280,960,G2,766,379,897,601
16.jpg,1280,960,G1,600,298,786,474
160.jpg,1280,960,G2,726,396,858,605
161.jpg,1280,960,G2,525,385,667,601
162.jpg,1280,960,G2,560,432,694,684
163.jpg,1280,960,G2,517,372,648,637
164.jpg,1280,960,G2,555,553,699,739
165.jpg,1280,960,G2,558,565,704,755
166.jpg,1280,960,G2,553,327,688,563
167.jpg,1280,960,G2,599,363,724,597
168.jpg,1280,960,G2,580,322,707,577
169.jpg,1280,960,G2,571,381,699,593
17.jpg,1280,960,G1,513,335,710,494
170.jpg,1280,960,G2,503,365,643,582
171.jpg,1280,960,G2,551,397,720,566
172.jpg,1280,960,G2,618,392,760,623
173.jpg,1280,960,G2,576,338,741,581
174.jpg,1280,960,G2,650,298,805,535
175.jpg,1280,960,G2,606,393,764,614
176.jpg,1280,960,G2,572,305,730,542
177.jpg,1280,960,G2,586,376,755,585
178.jpg,1280,960,G2,593,430,763,611
179.jpg,1280,960,G2,660,331,822,544
18.jpg,1280,960,G1,650,387,858,559
180.jpg,1280,960,G2,617,381,762,580
181.jpg,1280,960,G2,429,309,605,524
182.jpg,1280,960,G2,533,240,677,497
183.jpg,1280,960,G2,379,461,598,642
184.jpg,1280,960,G2,468,390,643,598
185.jpg,1280,960,G2,644,325,774,570
186.jpg,1280,960,G2,477,164,631,453
187.jpg,1280,960,G2,508,145,645,427
188.jpg,1280,960,G2,483,600,638,754
189.jpg,1280,960,G2,572,423,694,626
19.jpg,1280,960,G1,697,416,886,585
190.jpg,1280,960,G2,607,283,728,523
191.jpg,1280,960,G2,545,443,689,754
192.jpg,1280,960,G2,506,260,654,553
193.jpg,1280,960,G2,457,250,594,533
194.jpg,1280,960,G2,557,320,699,596
195.jpg,1280,960,G2,542,199,682,493
196.jpg,1280,960,G2,449,275,597,555
197.jpg,1280,960,G2,594,287,739,572
198.jpg,1280,960,G2,600,183,750,490
199.jpg,1280,960,G2,660,239,818,542
2.jpg,1280,960,G1,691,220,902,429
20.jpg,1280,960,G1,645,433,845,590
200.jpg,1280,960,G2,474,257,610,554
201.jpg,1280,960,G2,574,400,732,645
202.jpg,1280,960,G2,605,370,752,616
203.jpg,1280,960,G2,651,365,798,623
204.jpg,1280,960,G2,571,382,716,655
205.jpg,1280,960,G2,573,331,704,601
206.jpg,1280,960,G2,632,359,759,610
207.jpg,1280,960,G2,637,395,777,635
208.jpg,1280,960,G2,681,394,803,638
209.jpg,1280,960,G2,739,388,872,630
21.jpg,1280,960,G1,582,392,734,581
210.jpg,1280,960,G2,608,402,741,639
211.jpg,1280,960,G2,647,414,759,653
212.jpg,1280,960,G2,665,328,791,589
213.jpg,1280,960,G2,724,311,870,562
214.jpg,1280,960,G2,545,309,697,558
215.jpg,1280,960,G2,613,411,728,638
216.jpg,1280,960,G2,677,300,794,546
217.jpg,1280,960,G2,617,256,745,535
218.jpg,1280,960,G2,462,300,652,544
219.jpg,1280,960,G2,652,333,787,591
22.jpg,1280,960,G1,534,298,700,479
220.jpg,1280,960,G2,756,361,894,616
221.jpg,1280,960,G2,770,286,929,544
222.jpg,1280,960,G2,666,253,813,520
223.jpg,1280,960,G2,777,256,929,541
224.jpg,1280,960,G2,695,285,843,511
225.jpg,1280,960,G2,679,297,814,520
226.jpg,1280,960,G2,702,240,842,493
227.jpg,1280,960,G2,613,224,769,479
228.jpg,1280,960,G2,568,209,713,481
229.jpg,1280,960,G2,693,189,851,488
23.jpg,1280,960,G1,576,366,750,572
230.jpg,1280,960,G2,851,199,1014,494
231.jpg,1280,960,G2,617,342,769,567
232.jpg,1280,960,G2,680,356,791,596
233.jpg,1280,960,G2,639,374,793,599
234.jpg,1280,960,G2,643,369,758,627
235.jpg,1280,960,G2,645,357,777,616
236.jpg,1280,960,G2,619,364,795,614
237.jpg,1280,960,G2,636,348,763,613
238.jpg,1280,960,G2,648,310,783,586
239.jpg,1280,960,G2,641,338,790,592
24.jpg,1280,960,G1,547,335,702,533
240.jpg,1280,960,G2,645,301,776,585
241.jpg,1280,960,G2,596,235,742,490
242.jpg,1280,960,G2,589,306,715,545
243.jpg,1280,960,G2,693,284,828,524
244.jpg,1280,960,G2,708,397,836,639
245.jpg,1280,960,G2,577,391,727,611
246.jpg,1280,960,G2,483,368,649,589
247.jpg,1280,960,G2,614,387,758,611
248.jpg,1280,960,G2,719,379,855,607
249.jpg,1280,960,G2,851,366,989,594
25.jpg,1280,960,G1,552,314,704,516
250.jpg,1280,960,G2,744,243,873,478
251.jpg,1280,960,G2,629,363,771,605
252.jpg,1280,960,G2,608,337,746,590
253.jpg,1280,960,G2,663,337,789,593
254.jpg,1280,960,G2,684,377,826,613
255.jpg,1280,960,G2,569,389,733,626
256.jpg,1280,960,G2,486,425,667,638
257.jpg,1280,960,G2,560,416,722,628
258.jpg,1280,960,G2,621,403,762,630
259.jpg,1280,960,G2,698,420,830,657
26.jpg,1280,960,G1,495,327,645,520
260.jpg,1280,960,G2,587,415,736,649
261.jpg,1280,960,G2,692,541,837,749
262.jpg,1280,960,G2,664,461,802,704
263.jpg,1280,960,G2,611,456,740,709
264.jpg,1280,960,G2,614,482,747,720
265.jpg,1280,960,G2,637,499,766,740
266.jpg,1280,960,G2,686,505,821,747
267.jpg,1280,960,G2,653,488,782,730
268.jpg,1280,960,G2,601,498,738,717
269.jpg,1280,960,G2,607,530,748,756
27.jpg,1280,960,G1,636,405,773,587
270.jpg,1280,960,G2,669,559,812,789
271.jpg,1280,960,G2,730,311,862,556
272.jpg,1280,960,G2,564,163,706,441
273.jpg,1280,960,G2,484,188,640,479
274.jpg,1280,960,G2,594,183,729,474
275.jpg,1280,960,G2,631,341,755,610
276.jpg,1280,960,G2,696,330,816,612
277.jpg,1280,960,G2,678,356,804,584
278.jpg,1280,960,G2,523,340,690,572
279.jpg,1280,960,G2,519,333,680,575
28.jpg,1280,960,G1,632,401,776,590
280.jpg,1280,960,G2,665,318,792,557
281.jpg,1280,960,G3,565,339,741,518
282.jpg,1280,960,G3,575,262,728,444
283.jpg,1280,960,G3,584,275,743,455
284.jpg,1280,960,G3,606,294,779,453
285.jpg,1280,960,G3,575,295,728,475
286.jpg,1280,960,G3,591,289,750,481
287.jpg,1280,960,G3,573,389,740,574
288.jpg,1280,960,G3,543,334,726,530
289.jpg,1280,960,G3,529,345,698,525
29.jpg,1280,960,G1,526,357,678,564
290.jpg,1280,960,G3,541,329,705,541
291.jpg,1280,960,G3,323,430,478,628
292.jpg,1280,960,G3,672,485,819,701
293.jpg,1280,960,G3,489,434,642,650
294.jpg,1280,960,G3,399,398,541,600
295.jpg,1280,960,G3,506,320,646,527
296.jpg,1280,960,G3,672,320,792,536
297.jpg,1280,960,G3,688,441,851,649
298.jpg,1280,960,G3,516,434,668,654
299.jpg,1280,960,G3,384,428,540,630
3.jpg,1280,960,G1,634,244,863,448
30.jpg,1280,960,G1,447,474,604,670
300.jpg,1280,960,G3,411,429,573,626
301.jpg,1280,960,G3,443,304,598,525
302.jpg,1280,960,G3,485,268,640,469
303.jpg,1280,960,G3,519,369,681,599
304.jpg,1280,960,G3,563,354,724,579
305.jpg,1280,960,G3,606,334,753,562
306.jpg,1280,960,G3,652,344,794,557
307.jpg,1280,960,G3,556,356,708,567
308.jpg,1280,960,G3,491,365,652,598
309.jpg,1280,960,G3,416,364,583,587
31.jpg,1280,960,G1,528,409,704,568
310.jpg,1280,960,G3,421,355,582,564
311.jpg,1280,960,G3,558,364,724,548
312.jpg,1280,960,G3,568,431,757,592
313.jpg,1280,960,G3,529,425,703,595
314.jpg,1280,960,G3,541,419,726,615
315.jpg,1280,960,G3,538,417,701,610
316.jpg,1280,960,G3,594,369,744,580
317.jpg,1280,960,G3,531,322,699,504
318.jpg,1280,960,G3,500,409,661,566
319.jpg,1280,960,G3,574,423,725,592
32.jpg,1280,960,G1,602,405,784,564
320.jpg,1280,960,G3,591,432,771,598
321.jpg,1280,960,G3,382,401,552,580
322.jpg,1280,960,G3,502,491,660,645
323.jpg,1280,960,G3,349,424,499,595
324.jpg,1280,960,G3,562,339,733,503
325.jpg,1280,960,G3,389,274,528,459
326.jpg,1280,960,G3,336,533,497,658
327.jpg,1280,960,G3,453,376,612,584
328.jpg,1280,960,G3,423,332,588,557
329.jpg,1280,960,G3,514,424,649,598
33.jpg,1280,960,G1,576,385,752,537
330.jpg,1280,960,G3,512,437,724,602
331.jpg,1280,960,G3,585,380,787,593
332.jpg,1280,960,G3,670,325,873,544
333.jpg,1280,960,G3,482,302,655,530
334.jpg,1280,960,G3,620,332,810,561
335.jpg,1280,960,G3,437,328,615,565
336.jpg,1280,960,G3,579,387,771,586
337.jpg,1280,960,G3,520,360,706,563
338.jpg,1280,960,G3,467,330,648,553
339.jpg,1280,960,G3,558,354,749,573
34.jpg,1280,960,G1,600,418,778,568
340.jpg,1280,960,G3,452,342,624,557
341.jpg,1280,960,G3,512,506,665,694
342.jpg,1280,960,G3,625,341,788,564
343.jpg,1280,960,G3,627,380,782,606
344.jpg,1280,960,G3,663,384,804,616
345.jpg,1280,960,G3,584,381,738,619
346.jpg,1280,960,G3,574,406,743,634
347.jpg,1280,960,G3,550,409,724,640
348.jpg,1280,960,G3,644,399,800,624
349.jpg,1280,960,G3,679,380,845,627
35.jpg,1280,960,G1,576,403,780,559
350.jpg,1280,960,G3,531,408,694,640
351.jpg,1280,960,G3,679,482,842,622
352.jpg,1280,960,G3,626,385,771,586
353.jpg,1280,960,G3,623,331,778,533
354.jpg,1280,960,G3,435,316,639,519
355.jpg,1280,960,G3,663,303,831,491
356.jpg,1280,960,G3,708,438,891,592
357.jpg,1280,960,G3,616,483,781,628
358.jpg,1280,960,G3,448,402,622,586
359.jpg,1280,960,G3,526,297,691,512
36.jpg,1280,960,G1,478,370,673,533
360.jpg,1280,960,G3,695,313,860,507
361.jpg,1280,960,G3,500,402,658,576
362.jpg,1280,960,G3,563,358,711,548
363.jpg,1280,960,G3,620,361,768,564
364.jpg,1280,960,G3,694,332,852,551
365.jpg,1280,960,G3,600,277,770,502
366.jpg,1280,960,G3,482,249,656,481
367.jpg,1280,960,G3,519,423,685,598
368.jpg,1280,960,G3,639,502,792,649
369.jpg,1280,960,G3,641,584,800,747
37.jpg,1280,960,G1,480,385,673,531
370.jpg,1280,960,G3,599,519,756,690
371.jpg,1280,960,G3,678,195,815,465
372.jpg,1280,960,G3,638,357,751,598
373.jpg,1280,960,G3,613,311,766,546
374.jpg,1280,960,G3,594,312,757,552
375.jpg,1280,960,G3,660,291,811,536
376.jpg,1280,960,G3,693,318,882,530
377.jpg,1280,960,G3,639,310,781,548
378.jpg,1280,960,G3,595,325,757,537
379.jpg,1280,960,G3,693,318,843,557
38.jpg,1280,960,G1,610,383,786,535
380.jpg,1280,960,G3,738,344,925,544
381.jpg,1280,960,G3,510,443,643,614
382.jpg,1280,960,G3,639,378,770,574
383.jpg,1280,960,G3,711,415,839,583
384.jpg,1280,960,G3,794,445,932,627
385.jpg,1280,960,G3,551,450,701,611
386.jpg,1280,960,G3,433,431,598,586
387.jpg,1280,960,G3,597,356,751,534
388.jpg,1280,960,G3,725,372,873,548
389.jpg,1280,960,G3,686,509,822,653
39.jpg,1280,960,G1,547,314,728,494
390.jpg,1280,960,G3,626,459,761,634
391.jpg,1280,960,G3,631,435,804,605
392.jpg,1280,960,G3,584,464,747,620
393.jpg,1280,960,G3,577,475,737,634
394.jpg,1280,960,G3,584,469,752,632
395.jpg,1280,960,G3,627,453,806,629
396.jpg,1280,960,G3,524,460,701,639
397.jpg,1280,960,G3,451,458,629,638
398.jpg,1280,960,G3,528,481,694,650
399.jpg,1280,960,G3,581,495,760,663
4.jpg,1280,960,G1,741,253,939,459
40.jpg,1280,960,G1,554,368,726,529
400.jpg,1280,960,G3,629,497,814,655
401.jpg,1280,960,G3,582,519,754,718
402.jpg,1280,960,G3,678,442,823,643
403.jpg,1280,960,G3,591,476,736,684
404.jpg,1280,960,G3,549,500,692,719
405.jpg,1280,960,G3,559,507,723,688
406.jpg,1280,960,G3,570,490,719,677
407.jpg,1280,960,G3,656,430,792,620
408.jpg,1280,960,G3,583,451,725,649
409.jpg,1280,960,G3,617,576,779,782
41.jpg,1280,960,G1,486,587,671,731
410.jpg,1280,960,G3,638,528,780,718
411.jpg,1280,960,G3,364,384,580,605
412.jpg,1280,960,G3,608,353,775,590
413.jpg,1280,960,G3,585,205,766,447
414.jpg,1280,960,G3,481,204,690,465
415.jpg,1280,960,G3,579,220,777,488
416.jpg,1280,960,G3,577,360,773,600
417.jpg,1280,960,G3,569,289,766,545
418.jpg,1280,960,G3,541,270,752,525
419.jpg,1280,960,G3,518,263,716,509
42.jpg,1280,960,G1,495,509,684,666
420.jpg,1280,960,G3,355,240,579,491
421.jpg,1280,960,G4,550,366,813,651
422.jpg,1280,960,G4,657,262,929,532
423.jpg,1280,960,G4,682,241,940,554
424.jpg,1280,960,G4,680,251,935,544
425.jpg,1280,960,G4,717,242,977,525
426.jpg,1280,960,G4,666,337,940,616
427.jpg,1280,960,G4,670,361,916,627
428.jpg,1280,960,G4,674,356,911,615
429.jpg,1280,960,G4,673,392,933,657
43.jpg,1280,960,G1,700,464,843,629
430.jpg,1280,960,G4,728,378,984,647
431.jpg,1280,960,G4,699,373,953,607
432.jpg,1280,960,G4,508,401,767,652
433.jpg,1280,960,G4,426,385,666,632
434.jpg,1280,960,G4,601,389,838,654
435.jpg,1280,960,G4,649,413,886,673
436.jpg,1280,960,G4,567,434,818,677
437.jpg,1280,960,G4,539,382,787,645
438.jpg,1280,960,G4,543,391,799,622
439.jpg,1280,960,G4,586,389,837,627
44.jpg,1280,960,G1,541,590,730,737
440.jpg,1280,960,G4,604,377,854,622
441.jpg,1280,960,G4,541,337,745,610
442.jpg,1280,960,G4,534,345,734,607
443.jpg,1280,960,G4,612,335,803,613
444.jpg,1280,960,G4,547,341,755,603
445.jpg,1280,960,G4,536,260,742,551
446.jpg,1280,960,G4,538,307,745,572
447.jpg,1280,960,G4,465,308,683,585
448.jpg,1280,960,G4,486,330,700,610
449.jpg,1280,960,G4,494,332,710,604
45.jpg,1280,960,G1,610,431,784,581
450.jpg,1280,960,G4,548,348,759,608
451.jpg,1280,960,G4,586,366,810,594
452.jpg,1280,960,G4,578,481,805,628
453.jpg,1280,960,G4,542,391,767,610
454.jpg,1280,960,G4,499,362,736,596
455.jpg,1280,960,G4,568,354,798,590
456.jpg,1280,960,G4,598,368,807,595
457.jpg,1280,960,G4,612,304,851,556
458.jpg,1280,960,G4,511,330,758,575
459.jpg,1280,960,G4,552,370,772,589
46.jpg,1280,960,G1,326,420,547,592
460.jpg,1280,960,G4,614,368,830,593
461.jpg,1280,960,G4,457,405,662,607
462.jpg,1280,960,G4,489,344,645,583
463.jpg,1280,960,G4,540,449,701,628
464.jpg,1280,960,G4,639,578,831,719
465.jpg,1280,960,G4,547,391,728,605
466.jpg,1280,960,G4,376,264,588,522
467.jpg,1280,960,G4,389,149,597,434
468.jpg,1280,960,G4,575,154,753,452
469.jpg,1280,960,G4,714,343,917,550
47.jpg,1280,960,G1,736,453,889,624
470.jpg,1280,960,G4,548,541,731,701
471.jpg,1280,960,G4,469,300,725,588
472.jpg,1280,960,G4,486,301,752,583
473.jpg,1280,960,G4,420,282,698,579
474.jpg,1280,960,G4,556,363,822,652
475.jpg,1280,960,G4,490,244,759,547
476.jpg,1280,960,G4,435,424,700,709
477.jpg,1280,960,G4,552,349,808,641
478.jpg,1280,960,G4,463,290,721,578
479.jpg,1280,960,G4,466,406,729,673
48.jpg,1280,960,G1,586,568,760,716
480.jpg,1280,960,G4,563,365,814,666
481.jpg,1280,960,G4,540,403,772,664
482.jpg,1280,960,G4,577,353,804,602
483.jpg,1280,960,G4,584,360,826,617
484.jpg,1280,960,G4,594,372,831,638
485.jpg,1280,960,G4,583,387,812,652
486.jpg,1280,960,G4,574,391,808,649
487.jpg,1280,960,G4,599,383,817,642
488.jpg,1280,960,G4,625,407,863,667
489.jpg,1280,960,G4,607,387,860,654
49.jpg,1280,960,G1,495,485,689,633
490.jpg,1280,960,G4,556,368,799,647
491.jpg,1280,960,G4,444,337,665,537
492.jpg,1280,960,G4,682,278,885,533
493.jpg,1280,960,G4,499,266,728,512
494.jpg,1280,960,G4,599,269,817,518
495.jpg,1280,960,G4,633,319,861,534
496.jpg,1280,960,G4,631,376,841,622
497.jpg,1280,960,G4,535,351,744,587
498.jpg,1280,960,G4,538,311,764,572
499.jpg,1280,960,G4,729,328,936,581
5.jpg,1280,960,G1,673,251,876,455
50.jpg,1280,960,G1,502,272,686,440
500.jpg,1280,960,G4,492,350,728,558
501.jpg,1280,960,G4,507,422,733,641
502.jpg,1280,960,G4,613,286,802,533
503.jpg,1280,960,G4,633,339,831,565
504.jpg,1280,960,G4,694,309,905,560
505.jpg,1280,960,G4,625,249,843,514
506.jpg,1280,960,G4,544,314,752,548
507.jpg,1280,960,G4,584,523,793,708
508.jpg,1280,960,G4,657,411,866,645
509.jpg,1280,960,G4,739,392,955,632
51.jpg,1280,960,G1,578,333,728,492
510.jpg,1280,960,G4,615,399,826,616
511.jpg,1280,960,G4,605,337,848,556
512.jpg,1280,960,G4,691,298,899,583
513.jpg,1280,960,G4,627,323,871,581
514.jpg,1280,960,G4,636,319,866,568
515.jpg,1280,960,G4,648,308,881,564
516.jpg,1280,960,G4,599,270,845,527
517.jpg,1280,960,G4,593,312,845,540
518.jpg,1280,960,G4,613,306,853,561
519.jpg,1280,960,G4,665,314,905,574
52.jpg,1280,960,G1,443,307,619,468
520.jpg,1280,960,G4,626,341,874,549
521.jpg,1280,960,G4,667,485,884,661
522.jpg,1280,960,G4,591,368,799,605
523.jpg,1280,960,G4,654,381,857,617
524.jpg,1280,960,G4,559,384,757,615
525.jpg,1280,960,G4,536,377,735,598
526.jpg,1280,960,G4,663,439,880,647
527.jpg,1280,960,G4,669,441,887,642
528.jpg,1280,960,G4,684,478,902,667
529.jpg,1280,960,G4,658,503,859,672
53.jpg,1280,960,G1,421,377,593,542
530.jpg,1280,960,G4,690,478,893,646
531.jpg,1280,960,G4,573,409,800,612
532.jpg,1280,960,G4,655,378,883,613
533.jpg,1280,960,G4,560,347,786,592
534.jpg,1280,960,G4,506,361,736,596
535.jpg,1280,960,G4,492,361,721,601
536.jpg,1280,960,G4,544,375,770,609
537.jpg,1280,960,G4,572,366,801,594
538.jpg,1280,960,G4,570,382,801,614
539.jpg,1280,960,G4,635,430,863,632
54.jpg,1280,960,G1,530,237,702,427
540.jpg,1280,960,G4,626,422,857,634
541.jpg,1280,960,G4,513,535,755,767
542.jpg,1280,960,G4,628,442,881,669
543.jpg,1280,960,G4,706,432,962,663
544.jpg,1280,960,G4,563,381,807,614
545.jpg,1280,960,G4,562,539,813,758
546.jpg,1280,960,G4,616,279,866,556
547.jpg,1280,960,G4,694,541,937,736
548.jpg,1280,960,G4,507,403,766,646
549.jpg,1280,960,G4,623,335,858,620
55.jpg,1280,960,G1,600,335,778,520
550.jpg,1280,960,G4,673,511,920,742
551.jpg,1280,960,G4,744,425,930,675
552.jpg,1280,960,G4,673,237,887,517
553.jpg,1280,960,G4,695,353,905,626
554.jpg,1280,960,G4,663,293,889,572
555.jpg,1280,960,G4,544,285,776,546
556.jpg,1280,960,G4,461,297,694,535
557.jpg,1280,960,G4,523,317,737,539
558.jpg,1280,960,G4,636,349,849,610
559.jpg,1280,960,G4,642,229,841,494
56.jpg,1280,960,G1,393,301,556,470
560.jpg,1280,960,G4,744,280,947,536
561.jpg,1280,960,G5,599,304,748,582
562.jpg,1280,960,G5,601,360,753,656
563.jpg,1280,960,G5,595,316,751,589
564.jpg,1280,960,G5,595,312,751,592
565.jpg,1280,960,G5,595,294,740,582
566.jpg,1280,960,G5,590,304,750,594
567.jpg,1280,960,G5,611,307,773,606
568.jpg,1280,960,G5,607,295,755,539
569.jpg,1280,960,G5,595,223,750,528
57.jpg,1280,960,G1,519,418,676,596
570.jpg,1280,960,G5,617,311,762,614
571.jpg,1280,960,G5,660,480,794,717
572.jpg,1280,960,G5,701,417,838,672
573.jpg,1280,960,G5,540,397,701,629
574.jpg,1280,960,G5,458,370,629,614
575.jpg,1280,960,G5,595,317,758,572
576.jpg,1280,960,G5,672,295,826,561
577.jpg,1280,960,G5,717,406,868,646
578.jpg,1280,960,G5,682,477,828,717
579.jpg,1280,960,G5,575,477,719,721
58.jpg,1280,960,G1,547,422,693,605
580.jpg,1280,960,G5,555,490,694,712
581.jpg,1280,960,G5,453,368,634,616
582.jpg,1280,960,G5,538,394,699,621
583.jpg,1280,960,G5,589,326,729,599
584.jpg,1280,960,G5,506,355,682,617
585.jpg,1280,960,G5,419,348,599,606
586.jpg,1280,960,G5,453,397,633,638
587.jpg,1280,960,G5,599,384,736,645
588.jpg,1280,960,G5,646,300,780,584
589.jpg,1280,960,G5,531,246,694,528
59.jpg,1280,960,G1,658,387,784,583
590.jpg,1280,960,G5,451,311,631,572
591.jpg,1280,960,G5,633,423,773,609
592.jpg,1280,960,G5,633,439,779,678
593.jpg,1280,960,G5,640,353,780,607
594.jpg,1280,960,G5,545,350,701,594
595.jpg,1280,960,G5,658,356,801,602
596.jpg,1280,960,G5,667,419,799,638
597.jpg,1280,960,G5,572,445,724,677
598.jpg,1280,960,G5,497,372,653,614
599.jpg,1280,960,G5,540,297,694,543
6.jpg,1280,960,G1,547,224,765,429
60.jpg,1280,960,G1,467,364,608,544
600.jpg,1280,960,G5,562,339,721,560
601.jpg,1280,960,G5,504,470,643,660
602.jpg,1280,960,G5,565,484,704,733
603.jpg,1280,960,G5,695,460,877,711
604.jpg,1280,960,G5,482,434,634,694
605.jpg,1280,960,G5,540,400,680,646
606.jpg,1280,960,G5,590,387,709,621
607.jpg,1280,960,G5,584,419,692,643
608.jpg,1280,960,G5,614,460,728,665
609.jpg,1280,960,G5,721,482,929,684
61.jpg,1280,960,G1,626,440,797,594
610.jpg,1280,960,G5,612,458,750,661
611.jpg,1280,960,G5,701,399,862,670
612.jpg,1280,960,G5,609,255,777,589
613.jpg,1280,960,G5,655,275,817,614
614.jpg,1280,960,G5,582,282,751,641
615.jpg,1280,960,G5,609,429,736,712
616.jpg,1280,960,G5,629,441,765,719
617.jpg,1280,960,G5,570,438,711,668
618.jpg,1280,960,G5,529,409,682,650
619.jpg,1280,960,G5,592,411,738,665
62.jpg,1280,960,G1,563,437,745,590
620.jpg,1280,960,G5,589,412,728,675
621.jpg,1280,960,G5,640,467,795,717
622.jpg,1280,960,G5,587,392,751,663
623.jpg,1280,960,G5,604,404,750,660
624.jpg,1280,960,G5,590,423,756,692
625.jpg,1280,960,G5,645,436,792,694
626.jpg,1280,960,G5,638,433,787,731
627.jpg,1280,960,G5,648,429,790,717
628.jpg,1280,960,G5,626,443,784,714
629.jpg,1280,960,G5,626,445,777,724
63.jpg,1280,960,G1,617,457,793,601
630.jpg,1280,960,G5,587,460,748,733
631.jpg,1280,960,G5,585,428,711,668
632.jpg,1280,960,G5,668,277,829,567
633.jpg,1280,960,G5,536,304,729,558
634.jpg,1280,960,G5,606,228,751,517
635.jpg,1280,960,G5,717,302,895,556
636.jpg,1280,960,G5,638,385,770,631
637.jpg,1280,960,G5,494,361,668,629
638.jpg,1280,960,G5,487,258,663,548
639.jpg,1280,960,G5,667,277,828,577
64.jpg,1280,960,G1,689,429,858,592
640.jpg,1280,960,G5,724,370,917,656
641.jpg,1280,960,G5,643,385,789,626
642.jpg,1280,960,G5,655,353,772,604
643.jpg,1280,960,G5,760,372,899,633
644.jpg,1280,960,G5,806,394,938,646
645.jpg,1280,960,G5,797,400,921,646
646.jpg,1280,960,G5,638,367,780,628
647.jpg,1280,960,G5,628,360,767,611
648.jpg,1280,960,G5,594,433,721,673
649.jpg,1280,960,G5,643,400,748,656
65.jpg,1280,960,G1,606,487,789,657
650.jpg,1280,960,G5,662,389,794,641
651.jpg,1280,960,G5,584,378,751,628
652.jpg,1280,960,G5,653,361,804,645
653.jpg,1280,960,G5,711,365,841,655
654.jpg,1280,960,G5,626,316,823,594
655.jpg,1280,960,G5,706,319,884,609
656.jpg,1280,960,G5,590,339,780,580
657.jpg,1280,960,G5,556,385,758,590
658.jpg,1280,960,G5,601,290,755,589
659.jpg,1280,960,G5,658,328,850,623
66.jpg,1280,960,G1,578,390,758,548
660.jpg,1280,960,G5,619,351,770,624
661.jpg,1280,960,G5,723,284,858,551
662.jpg,1280,960,G5,665,372,790,612
663.jpg,1280,960,G5,750,334,872,584
664.jpg,1280,960,G5,758,451,884,667
665.jpg,1280,960,G5,628,448,762,682
666.jpg,1280,960,G5,545,443,692,658
667.jpg,1280,960,G5,567,336,704,575
668.jpg,1280,960,G5,560,268,712,524
669.jpg,1280,960,G5,633,265,779,519
67.jpg,1280,960,G1,523,442,715,590
670.jpg,1280,960,G5,656,277,821,543
671.jpg,1280,960,G5,509,355,677,594
672.jpg,1280,960,G5,640,351,782,609
673.jpg,1280,960,G5,568,351,721,604
674.jpg,1280,960,G5,567,351,712,595
675.jpg,1280,960,G5,468,365,663,616
676.jpg,1280,960,G5,529,350,704,611
677.jpg,1280,960,G5,611,355,773,606
678.jpg,1280,960,G5,629,350,767,594
679.jpg,1280,960,G5,631,345,777,594
68.jpg,1280,960,G1,545,496,732,631
680.jpg,1280,960,G5,541,346,701,599
681.jpg,1280,960,G5,545,431,728,699
682.jpg,1280,960,G5,626,424,795,709
683.jpg,1280,960,G5,548,407,726,706
684.jpg,1280,960,G5,660,450,817,734
685.jpg,1280,960,G5,672,534,829,795
686.jpg,1280,960,G5,538,526,706,785
687.jpg,1280,960,G5,568,431,733,716
688.jpg,1280,960,G5,684,443,848,711
689.jpg,1280,960,G5,685,546,845,784
69.jpg,1280,960,G1,660,459,832,642
690.jpg,1280,960,G5,582,500,740,761
691.jpg,1280,960,G5,687,453,806,699
692.jpg,1280,960,G5,563,270,729,558
693.jpg,1280,960,G5,492,231,656,517
694.jpg,1280,960,G5,604,246,755,529
695.jpg,1280,960,G5,670,372,807,614
696.jpg,1280,960,G5,689,270,831,568
697.jpg,1280,960,G5,560,243,733,548
698.jpg,1280,960,G5,501,294,695,572
699.jpg,1280,960,G5,528,465,672,712
7.jpg,1280,960,G1,639,224,830,437
70.jpg,1280,960,G1,617,442,780,629
700.jpg,1280,960,G5,624,502,750,706
71.jpg,1280,960,G1,597,390,778,561
72.jpg,1280,960,G1,619,494,800,655
73.jpg,1280,960,G1,623,359,786,522
74.jpg,1280,960,G1,695,437,860,618
75.jpg,1280,960,G1,491,396,686,533
76.jpg,1280,960,G1,619,557,815,709
77.jpg,1280,960,G1,593,353,776,527
78.jpg,1280,960,G1,610,444,800,629
79.jpg,1280,960,G1,754,531,926,707
8.jpg,1280,960,G1,634,259,826,451
80.jpg,1280,960,G1,521,435,734,618
81.jpg,1280,960,G1,523,159,736,370
82.jpg,1280,960,G1,586,257,789,435
83.jpg,1280,960,G1,604,251,808,431
84.jpg,1280,960,G1,530,242,747,455
85.jpg,1280,960,G1,613,185,810,383
86.jpg,1280,960,G1,645,177,850,385
87.jpg,1280,960,G1,636,196,843,398
88.jpg,1280,960,G1,754,168,945,379
89.jpg,1280,960,G1,597,120,793,311
9.jpg,1280,960,G1,654,268,841,468
90.jpg,1280,960,G1,673,235,850,405
91.jpg,1280,960,G1,641,377,793,514
92.jpg,1280,960,G1,634,351,771,505
93.jpg,1280,960,G1,619,353,763,522
94.jpg,1280,960,G1,621,351,767,516
95.jpg,1280,960,G1,619,344,786,487
96.jpg,1280,960,G1,643,353,769,527
97.jpg,1280,960,G1,660,370,789,520
98.jpg,1280,960,G1,680,348,800,490
99.jpg,1280,960,G1,656,361,802,501
